Tip Matrice,Nr threads,Timp executie
,1,0.90906
,2,2.12627
,1,1.04197
,2,3.53936
,1,1.10885
,1,21.81242
,2,28.23759
,4,32.82963
,8,57.06167
,16,68.52579
,1,21.62388
,1,0
,1,1069.5111
,2,564.85037
,4,298.87045
,8,216.01834
,16,218.54875
